Seq1,Seq2,Seq3,Seq4,Seq5,Seq6,Seq7,Seq8,Seq9,Seq10,Seq11,Seq12,Seq13,Seq14,Seq15,Seq16,Seq17,Seq18,Seq19,Seq20,Seq21,Seq22,Seq23,Seq24,Seq25,Seq26,Seq27,Seq28,Seq29,Seq30,Seq31,Seq32,Seq33,Seq34,Seq35,Seq36,Seq37,Seq38,Seq39,Seq40,Seq41,Seq42,Seq43,Seq44,Seq45,Seq46,Seq47,Seq48,Seq49,Seq50,Seq51,Seq52,Seq53,Seq54,Seq55,Seq56,Seq57,Seq58,Seq59,Seq60,Seq61,Seq62,Seq63,Seq64,Seq65,Seq66,Seq67,Seq68,Seq69,Seq70,Seq71,Seq72,Seq73,Seq74,Seq75,Seq76,Seq77,Seq78,Seq79,Seq80,Seq81,Seq82,Seq83,Seq84,Seq85,Seq86,Seq87,Seq88,Seq89,Seq90,Seq91,Seq92,Seq93,Seq94,Seq95,Seq96,Seq97,Seq98,Seq99,Seq100,Seq101,Seq102,Seq103,Seq104,Seq105,Seq106,Seq107,Seq108,Seq109,Seq110,Seq111,Seq112,Seq113,Seq114,Seq115,Seq116,Seq117,Seq118,Seq119,Seq120,Seq121,Seq122,Seq123,Seq124,Seq125,Seq126,Seq127,Seq128
A,A,G,G,G,G,A,A,G,A,G,G,A,A,A,G,G,A,G,A,A,A,G,G,G,A,G,G,A,G,G,G,A,A,A,A,A,A,G,A,A,G,G,A,A,G,A,A,A,A,G,G,A,G,G,A,G,A,A,G,A,G,G,G,A,G,A,A,A,A,A,G,A,A,A,G,A,G,A,G,G,A,A,A,G,A,G,G,A,G,A,A,A,A,A,A,G,A,A,G,A,A,A,G,A,A,A,A,G,A,A,A,A,G,A,A,G,G,G,A,G,A,G,G,G,A,G,G
G,A,G,G,G,G,A,G,G,A,G,G,A,G,G,G,G,A,G,A,G,A,T,G,A,A,A,G,G,A,G,G,G,G,A,A,G,A,A,A,G,G,A,G,A,A,A,G,G,A,G,G,A,A,T,G,G,G,A,G,G,G,A,G,A,A,A,G,A,G,A,G,A,G,G,G,G,A,A,A,G,G,A,A,G,A,A,G,G,A,A,G,G,G,A,A,A,G,A,A,A,G,G,G,A,A,A,G,A,A,G,A,G,A,G,G,A,A,G,G,G,A,A,G,A,G,A,G
G,A,A,G,A,G,A,A,A,A,G,A,A,A,G,T,G,G,A,A,A,T,A,A,A,A,C,G,G,A,A,G,G,A,A,G,A,G,G,G,G,G,A,G,G,G,G,G,A,G,G,A,A,A,A,G,A,G,A,G,G,A,A,A,G,A,A,A,A,A,A,G,G,G,G,A,G,G,A,A,A,G,A,A,G,A,G,G,A,G,A,G,G,G,A,A,C,A,C,A,A,G,A,A,G,A,A,A,G,G,A,G,A,A,A,C,G,A,G,A,G,A,A,G,A,A,G,G
T,C,T,T,A,C,C,C,T,C,C,T,T,C,T,C,T,T,C,C,C,C,T,C,C,C,C,T,T,C,T,T,T,T,C,T,T,T,T,T,C,C,C,T,T,C,T,A,C,T,C,C,T,T,T,C,T,C,T,T,T,T,C,C,C,C,C,T,T,T,C,C,T,C,T,C,T,C,T,T,C,T,T,T,T,C,C,T,C,C,C,T,C,C,T,C,T,T,T,C,T,C,T,T,C,C,T,T,T,T,T,T,T,C,C,C,T,C,T,T,T,T,T,T,C,T,C,T
C,C,C,C,T,C,C,T,C,C,T,C,T,T,C,T,T,T,T,C,T,T,T,T,C,T,C,C,C,T,C,C,C,T,T,T,T,C,T,T,T,C,T,T,C,T,C,T,T,T,T,T,C,C,T,C,T,T,C,C,C,T,C,C,C,T,T,C,C,T,T,T,C,T,T,C,C,C,C,T,C,T,T,T,T,T,C,C,C,T,C,C,T,T,C,T,C,T,T,T,T,C,C,C,T,C,T,T,C,C,T,G,C,T,C,T,T,T,C,C,T,A,C,T,T,T,T,T
G,T,G,A,C,A,G,A,G,G,A,C,A,A,C,G,G,G,G,A,G,G,G,G,A,A,A,A,G,G,T,C,G,G,G,G,G,T,A,G,A,A,G,G,A,G,G,G,C,A,G,G,C,A,G,G,T,A,T,A,G,G,A,G,T,A,T,G,T,G,A,T,A,A,C,A,A,G,G,G,G,G,A,C,G,G,A,A,G,A,A,A,A,G,A,G,A,G,G,A,G,A,G,G,C,G,G,C,C,G,G,C,G,A,A,A,A,G,G,T,C,A,A,C,A,T,A,G
T,G,G,G,A,G,G,G,A,G,G,A,G,A,A,A,A,A,A,G,A,G,A,A,G,A,G,G,G,A,G,A,G,A,A,G,G,A,A,A,C,G,A,A,A,A,A,A,A,A,G,G,A,G,G,G,G,A,G,A,A,A,A,A,A,G,A,G,G,G,A,A,A,A,A,G,G,A,G,A,G,A,A,A,A,A,G,A,A,G,G,G,G,G,A,A,G,A,A,A,A,A,G,A,A,G,A,G,A,G,A,A,A,A,A,A,G,G,A,A,A,G,A,A,G,G,A,A
T,C,T,C,C,C,T,T,C,C,T,T,C,C,C,T,T,C,C,T,C,C,C,C,T,T,C,C,C,C,C,C,T,C,T,T,T,C,T,C,T,C,C,T,C,C,C,C,T,T,C,T,T,C,C,C,T,C,T,A,C,T,C,T,C,C,C,C,C,C,T,T,C,T,C,T,C,C,T,C,C,C,T,C,T,C,T,T,T,C,T,C,T,T,C,C,C,C,C,T,C,C,C,T,T,C,C,C,C,T,C,C,C,C,T,C,T,C,T,T,C,A,C,T,C,C,T,T
T,T,C,T,T,T,T,T,T,C,T,C,T,C,C,T,T,G,C,T,C,C,C,T,T,T,T,T,T,T,T,T,C,C,T,C,G,T,C,T,T,T,C,C,C,C,C,C,C,T,C,C,T,T,C,T,C,T,T,T,T,T,C,C,C,T,C,C,C,A,T,T,T,C,T,T,T,T,T,T,T,T,C,T,T,C,T,C,C,T,C,C,C,C,T,T,T,C,T,T,C,C,C,T,T,C,C,C,T,T,T,T,C,C,C,T,C,C,T,C,C,C,C,T,C,C,T,C
A,A,G,A,G,G,G,G,G,A,A,G,G,G,G,G,A,G,G,G,A,A,G,G,A,A,G,G,G,A,A,A,G,G,G,G,A,G,G,G,A,A,G,G,G,G,G,G,G,G,G,A,A,A,A,G,G,G,G,A,G,G,A,A,A,A,T,G,A,A,G,G,G,G,T,G,G,A,A,A,G,G,A,G,A,G,A,A,G,G,A,G,A,A,A,G,G,G,A,G,A,A,G,A,G,G,A,A,A,C,G,G,G,G,A,G,G,G,G,A,G,G,A,A,A,G,G,G
A,A,A,A,G,T,C,C,G,C,G,A,G,T,T,T,G,C,C,A,C,T,C,G,T,G,T,C,G,G,A,C,G,T,A,G,G,C,G,T,C,T,T,C,T,T,G,C,C,C,T,G,A,T,C,G,C,C,A,C,G,T,G,A,G,T,C,T,G,G,C,A,T,C,C,T,G,T,G,G,C,C,T,T,G,T,A,A,C,C,T,A,C,A,G,C,T,C,C,C,C,G,A,A,C,T,G,A,G,T,A,C,A,T,A,T,T,G,T,C,C,G,C,C,G,T,G,A
C,C,C,T,T,T,C,C,T,T,T,A,C,T,T,T,C,C,C,T,C,T,C,C,C,C,T,T,C,C,T,T,T,T,T,T,C,T,T,C,T,T,A,T,T,C,T,T,C,C,C,T,C,A,C,T,T,T,C,C,C,T,C,C,C,C,T,T,C,C,T,C,C,T,T,T,T,T,T,C,G,T,C,T,T,T,T,T,C,T,T,C,A,C,C,C,T,C,T,C,C,C,T,C,T,C,C,C,T,C,C,T,T,T,C,T,A,C,T,T,T,T,C,T,T,C,C,T
A,G,G,A,G,G,G,A,A,A,A,G,G,A,A,G,G,G,A,G,G,G,G,G,G,A,G,G,A,G,A,G,A,A,A,A,A,G,G,G,A,A,A,A,G,G,G,G,G,A,G,A,G,G,G,G,G,G,G,G,G,G,A,A,G,G,G,G,A,A,G,A,A,G,G,C,A,A,A,G,G,G,A,A,A,A,A,A,G,A,G,G,A,G,G,A,G,G,G,A,A,G,A,G,G,G,A,A,A,G,A,G,A,A,T,G,G,A,A,G,G,G,A,G,G,G,G,A
G,G,A,A,G,G,A,G,G,G,A,G,A,A,A,A,A,A,A,G,G,A,G,G,G,A,G,G,A,A,G,G,C,A,G,A,G,G,G,G,A,A,A,A,G,G,G,A,A,G,T,G,G,A,A,A,A,G,A,G,G,A,G,G,A,A,G,A,A,G,A,G,G,A,G,G,A,A,A,A,A,A,G,A,A,G,A,A,A,A,G,A,A,G,A,A,G,G,A,G,A,G,A,G,A,G,A,G,A,G,A,G,A,A,G,A,A,A,G,G,G,G,A,A,A,G,G,G
G,G,A,G,G,G,A,A,A,A,G,T,A,G,A,A,A,G,G,G,G,A,A,A,G,A,G,G,G,G,G,A,C,G,G,A,T,G,A,A,G,A,A,G,A,G,G,G,A,G,A,G,A,G,G,A,A,G,A,G,A,G,G,G,A,G,G,G,G,G,A,G,A,A,G,G,G,T,G,G,T,G,G,A,A,G,G,A,G,G,G,A,G,G,A,G,G,G,G,A,G,A,T,G,A,G,A,A,G,A,A,G,G,A,G,G,G,G,G,A,G,G,G,G,G,A,A,G
